S. No. (Col.1),State/UT (Col.2),SC/ST(Prevention of Atrocities) Act r/w IPC - Murder (Section 302 IPC) - V (Col.4),SC/ST(Prevention of Atrocities) Act r/w IPC - Attempt To Commit Murder (Section 307 IPC) - V (Col.7),"SC/ST(Prevention of Atrocities) Act r/w IPC - Grievous Hurt * (Section 325,326,326A & 326B IPC) - V (Col.10)",SC/ST(Prevention of Atrocities) Act r/w IPC - Assault on ST Women to Outrage Her Modesty - Assault on Women (Section 354) - V (Col.13A),SC/ST(Prevention of Atrocities) Act r/w IPC - Assault on ST Women to Outrage Her Modesty - Sexual Harassment (Section 354A IPC) - V (Col.13B),SC/ST(Prevention of Atrocities) Act r/w IPC - Assault on ST Women to Outrage Her Modesty - Stalking (Section 354D IPC) - V (Col.13E),SC/ST(Prevention of Atrocities) Act r/w IPC - Kidnapping & Abduction - Kidnapping & Abduction (Total) - V (Col.19),SC/ST(Prevention of Atrocities) Act r/w IPC - Kidnapping & Abduction - Kidnapping & Abduction of ST Women to Compel Her For Marriage (Sec 366 IPC) - V (Col.19D),SC/ST(Prevention of Atrocities) Act r/w IPC - Rape (Section 376 IPC) - V (Col.22),SC/ST(Prevention of Atrocities) Act r/w IPC - Attempt To Commit Rape (Section 376/511 IPC) - V (Col.25),"SC/ST(Prevention of Atrocities) Act r/w IPC - Riots (Sections 147, 148, 149, 150 & 151 IPC) - V (Col.28)",SC/ST(Prevention of Atrocities) Act r/w IPC - Robbery (Section 392 to 394 IPC) - V (Col.31),"SC/ST(Prevention of Atrocities) Act r/w IPC - Arson (Section 435, 436, 438 IPC) - V (Col.37)",Protection of Civil Rights Act against STs - V (Col.52)
1,Andhra Pradesh,8,7,2,24,6,3,5,2,29,3,4,0,2,0
2,Arunachal Pradesh,0,0,0,0,0,0,0,0,0,0,0,0,0,1
3,Assam,0,0,0,0,0,0,0,0,0,0,0,0,0,0
4,Bihar,0,0,0,0,0,0,0,0,0,0,0,0,0,0
5,Chhattisgarh,9,6,5,61,17,1,14,5,157,1,6,0,0,0
6,Goa,0,2,1,0,0,0,0,0,0,0,45,0,0,0
7,Gujarat,17,17,20,9,12,1,25,14,34,1,28,4,2,0
8,Haryana,0,0,0,0,0,0,0,0,0,0,0,0,0,0
9,Himachal Pradesh,0,0,0,0,0,0,0,0,0,0,0,0,0,0
10,Jammu & Kashmir,0,0,0,0,0,0,0,0,0,0,0,0,0,0
11,Jharkhand,1,1,3,0,2,0,8,0,14,4,2,1,1,0
12,Karnataka,10,9,2,2,2,0,1,0,19,0,0,0,0,7
13,Kerala,1,3,4,18,12,0,2,0,47,2,8,0,0,0
14,Madhya Pradesh,41,25,26,191,173,16,51,21,377,0,23,2,5,0
15,Maharashtra,19,9,16,47,54,6,10,3,85,0,58,1,1,0
16,Manipur,1,0,0,0,0,0,0,0,0,0,0,0,0,0
17,Meghalaya,0,0,0,0,0,0,0,0,0,0,0,0,0,0
18,Mizoram,0,0,0,0,0,0,0,0,0,0,0,0,0,0
19,Nagaland,0,0,0,0,0,0,0,0,0,0,0,0,0,0
20,Odisha,12,13,52,32,5,0,18,2,91,0,41,1,2,0
21,Punjab,0,0,0,0,0,0,1,0,0,0,0,0,0,0
22,Rajasthan,16,2,7,26,2,0,15,3,71,1,0,1,0,0
23,Sikkim,0,0,0,0,0,0,0,0,0,0,0,0,0,0
24,Tamil Nadu,0,0,0,0,0,0,0,0,1,0,0,0,0,0
25,Telangana,10,12,16,25,13,11,15,1,41,1,18,0,0,0
26,Tripura,0,0,1,0,0,0,0,0,0,0,0,0,0,0
27,Uttar Pradesh,0,0,1,0,0,0,0,0,0,0,0,0,0,0
28,Uttarakhand,0,0,0,1,0,0,0,0,0,0,1,0,0,0
29,West Bengal,0,2,5,10,0,0,0,0,7,0,2,0,2,0
30,A & N Islands,0,0,0,0,0,0,0,0,2,0,0,0,0,0
31,Chandigarh,0,0,0,0,0,0,0,0,0,0,0,0,0,0
32,D&N Haveli,0,0,0,0,0,0,0,0,0,0,0,0,0,0
33,Daman & Diu,0,0,0,0,0,0,0,0,0,0,0,0,0,0
34,Delhi,0,0,0,0,0,0,0,0,0,0,0,0,0,0
35,Lakshadweep,0,0,0,0,0,0,0,0,0,0,0,0,0,0
36,Puducherry,0,0,0,0,0,0,1,0,0,0,0,0,0,0
